{
    "request_id": "1f01258b-de91-4ed1-8ef4-1f5e30e0b1f7",
    "file_hash": "904fac8ea9cd6f0360585b8712b00a78e914da8ade3b54b97e4f49c04ebdeca6",
    "status": "completed",
    "progress": 100,
    "filename": "positive-english.mp3",
    "file_size": 6644735,
    "duration": 361.66714285714284,
    "source_language": "en",
    "output_language": "en",
    "detected_language": null,
    "detected_language_name": null,
    "transcription_engine": "parakeet",
    "transcription_result": {
        "metadata": {
            "request_id": "1f01258b-de91-4ed1-8ef4-1f5e30e0b1f7",
            "created": "2025-11-03T13:37:25.144621",
            "duration": 361.66714285714284,
            "models": [
                "parakeet"
            ]
        },
        "results": {
            "channels": [
                {
                    "alternatives": [
                        {
                            "text": "Thank you for calling Question. This is Candice. How may I help you? I still have not received my order. You said I would receive it on the 20th. It's on the 22nd. Still nothing. I don't know what's going on, but if it's not too much of a bother to you, I would really, really now love to get what I paid for. You know what I mean? Oh, if it's beyond the promised delivery date, we definitely need to look into that. May have your order number and your full name so I can check for you. That's exactly what I'm thinking. Like, I don't understand. What's taking so long? Anyway, the um order number is 498-4977, and my name is Tabitha Ratchet. Thank you, Tabitha. I will now go ahead and pull up your order and hopefully I can give you an immediate answer. One moment, please. Go ahead. Thank you. Okay, like what you said, the estimated delivery date is on the 20th. It's now 22nd, so it's two days late. Normally, when a parcel is late like this, we send an email informing you of the delay. So let me visit the FedEx website and track it. Thank you, Candace. That would be appreciated. I um I actually haven't tried tracking it on the FedEx website since you already gave me the delivery date through email. So yes, please go ahead. Okay. According to the FedEx note here, your parcel was delivered on the 20th at 10 a.m. It said that it was left on the front porch. Have you tried checking your front porch? What? What? What? What you're kidding, right? Okay. Okay. First of all, my apartment has no front porch. Second, the only way to deliver parcels in a residence is by leaving them to the concierge. Third, I was at home the whole day on the 20th, and no one, literally no one, knocked on my door or called my number to notify me of a parcel. So whatever this FedEx guy is saying, he's lying. Okay? He's lying. That's definitely odd. Have you tried checking with your building's concierge to see if they have kept a package for you? I just checked this morning and the answer is no. Otherwise, I wouldn't be calling you. Yeah. Your your neighbors also wouldn't happen to receive it, right? Since, as you said, all parcels go to the concierge. Correct. And if the note says he left it on my doorstep, again, that's impossible. No one can access our doorsteps here except us tenants. So there's clearly a mistake here. Yes, that makes sense. Um so here's what we're going to do, Tabitha. It is likely that FedEx delivered the order to the wrong address. So I will file a PDNR claim on your behalf. It means parcel delivered, not received. What this does is to let FedEx investigate to find your missing parcel. And after the investigation, we will either refund, replace, or find your missing parcel. Okay. Yeah, and for me to initiate the claim, I will send you an email right now. Please reply to that email confirming that you have not received your parcel. Um your response to that email is very important because that will serve as a documentation proving to FedEx that you are requesting for us to file a claim on your behalf. Okay, whatever happens, I'm gonna get my refund though, right? You're right, of course. Um, and the sooner they find your parcel, the better. By the way, uh in the event that the parcel isn't recovered, would you prefer a replacement or a refund? I need a replacement for that. I don't want a refund. Okay, I will make note of that. And after the investigation, which usually takes five to seven business days, I will check with the supplier for its availability, availability, and then they can process the replacement for you. Okay, it's uh disappointing that this is to happen. But okay, whatever. At least I don't have to file a dispute. To be honest, I was I was already thinking of calling my bank this morning and filing a dispute. Yes, um, this is definitely not the experience that we want you to have, but we will try our best uh to make this as easy as possible for you considering the situation. I will also keep this case in progress. So whatever questions you might have during the investigation, you just reply to the same email thread and I will be there to answer your questions. So let me get this straight. Seven business days for the investigation, and if it isn't found, you're gonna check with the team if it's available, and if it's available, another seven days to deliver the replacement. Yes, Tabitha, that's correct. But of course, if they find the parcel during the investigation, then you don't need to wait that long. That's already the maximum time frame. Yeah, well, I hope they do, but I I honestly don't have much hope for it. But okay, a replacement's fine, I guess. Okay, yeah. I I cannot guarantee that 100% that they would find your missing parcel, but there have been cases in the past when they did find the missing parcel. And I will, of course, update you throughout the process. Okay, so I guess that's my best option. Um, what do you need me to do? Just reply to your email saying that I didn't receive the parcel. That's correct. I have just sent you the email. Alright, I will reply in five minutes. I'm gonna have my lunch break. What's your name again? Candace. All right, Candace, thank you so much. That's all I need for now. I have to go. Bye. Okay, enjoy your lunch, Tabitha. Thank you for calling with Sean. Bye. Alright, as you can see, this video is purely mock calls. If you want detailed explanations of all the things that Claire did wrong and Candace did right, head over to this video at the top, which will be available on my next upload. Alright. I think that's all that's all for today. It's really awkward plugging outside, but I will like to get used to it. Thank you for watching.",
                            "segments": [
                                {
                                    "start": 0,
                                    "end": 361.66714285714284,
                                    "text": "Thank you for calling Question. This is Candice. How may I help you? I still have not received my order. You said I would receive it on the 20th. It's on the 22nd. Still nothing. I don't know what's going on, but if it's not too much of a bother to you, I would really, really now love to get what I paid for. You know what I mean? Oh, if it's beyond the promised delivery date, we definitely need to look into that. May have your order number and your full name so I can check for you. That's exactly what I'm thinking. Like, I don't understand. What's taking so long? Anyway, the um order number is 498-4977, and my name is Tabitha Ratchet. Thank you, Tabitha. I will now go ahead and pull up your order and hopefully I can give you an immediate answer. One moment, please. Go ahead. Thank you. Okay, like what you said, the estimated delivery date is on the 20th. It's now 22nd, so it's two days late. Normally, when a parcel is late like this, we send an email informing you of the delay. So let me visit the FedEx website and track it. Thank you, Candace. That would be appreciated. I um I actually haven't tried tracking it on the FedEx website since you already gave me the delivery date through email. So yes, please go ahead. Okay. According to the FedEx note here, your parcel was delivered on the 20th at 10 a.m. It said that it was left on the front porch. Have you tried checking your front porch? What? What? What? What you're kidding, right? Okay. Okay. First of all, my apartment has no front porch. Second, the only way to deliver parcels in a residence is by leaving them to the concierge. Third, I was at home the whole day on the 20th, and no one, literally no one, knocked on my door or called my number to notify me of a parcel. So whatever this FedEx guy is saying, he's lying. Okay? He's lying. That's definitely odd. Have you tried checking with your building's concierge to see if they have kept a package for you? I just checked this morning and the answer is no. Otherwise, I wouldn't be calling you. Yeah. Your your neighbors also wouldn't happen to receive it, right? Since, as you said, all parcels go to the concierge. Correct. And if the note says he left it on my doorstep, again, that's impossible. No one can access our doorsteps here except us tenants. So there's clearly a mistake here. Yes, that makes sense. Um so here's what we're going to do, Tabitha. It is likely that FedEx delivered the order to the wrong address. So I will file a PDNR claim on your behalf. It means parcel delivered, not received. What this does is to let FedEx investigate to find your missing parcel. And after the investigation, we will either refund, replace, or find your missing parcel. Okay. Yeah, and for me to initiate the claim, I will send you an email right now. Please reply to that email confirming that you have not received your parcel. Um your response to that email is very important because that will serve as a documentation proving to FedEx that you are requesting for us to file a claim on your behalf. Okay, whatever happens, I'm gonna get my refund though, right? You're right, of course. Um, and the sooner they find your parcel, the better. By the way, uh in the event that the parcel isn't recovered, would you prefer a replacement or a refund? I need a replacement for that. I don't want a refund. Okay, I will make note of that. And after the investigation, which usually takes five to seven business days, I will check with the supplier for its availability, availability, and then they can process the replacement for you. Okay, it's uh disappointing that this is to happen. But okay, whatever. At least I don't have to file a dispute. To be honest, I was I was already thinking of calling my bank this morning and filing a dispute. Yes, um, this is definitely not the experience that we want you to have, but we will try our best uh to make this as easy as possible for you considering the situation. I will also keep this case in progress. So whatever questions you might have during the investigation, you just reply to the same email thread and I will be there to answer your questions. So let me get this straight. Seven business days for the investigation, and if it isn't found, you're gonna check with the team if it's available, and if it's available, another seven days to deliver the replacement. Yes, Tabitha, that's correct. But of course, if they find the parcel during the investigation, then you don't need to wait that long. That's already the maximum time frame. Yeah, well, I hope they do, but I I honestly don't have much hope for it. But okay, a replacement's fine, I guess. Okay, yeah. I I cannot guarantee that 100% that they would find your missing parcel, but there have been cases in the past when they did find the missing parcel. And I will, of course, update you throughout the process. Okay, so I guess that's my best option. Um, what do you need me to do? Just reply to your email saying that I didn't receive the parcel. That's correct. I have just sent you the email. Alright, I will reply in five minutes. I'm gonna have my lunch break. What's your name again? Candace. All right, Candace, thank you so much. That's all I need for now. I have to go. Bye. Okay, enjoy your lunch, Tabitha. Thank you for calling with Sean. Bye. Alright, as you can see, this video is purely mock calls. If you want detailed explanations of all the things that Claire did wrong and Candace did right, head over to this video at the top, which will be available on my next upload. Alright. I think that's all that's all for today. It's really awkward plugging outside, but I will like to get used to it. Thank you for watching."
                                }
                            ],
                            "language": "en",
                            "duration": 361.66714285714284,
                            "word_timestamps": [],
                            "engine": "parakeet",
                            "source_language": "en",
                            "output_language": "en",
                            "translation_enabled": false
                        }
                    ]
                }
            ]
        }
    },
    "diarization_result": {
        "segments": [
            {
                "start": 1.69,
                "end": 4.15,
                "speaker": "speaker_0"
            },
            {
                "start": 4.87,
                "end": 6.35,
                "speaker": "speaker_1"
            },
            {
                "start": 7.51,
                "end": 8.91,
                "speaker": "speaker_1"
            },
            {
                "start": 9.43,
                "end": 10.43,
                "speaker": "speaker_1"
            },
            {
                "start": 10.87,
                "end": 11.19,
                "speaker": "speaker_1"
            },
            {
                "start": 12.91,
                "end": 14.11,
                "speaker": "speaker_1"
            },
            {
                "start": 14.51,
                "end": 16.15,
                "speaker": "speaker_1"
            },
            {
                "start": 16.41,
                "end": 18.77,
                "speaker": "speaker_1"
            },
            {
                "start": 19.13,
                "end": 19.77,
                "speaker": "speaker_1"
            },
            {
                "start": 20.79,
                "end": 27.369999999999997,
                "speaker": "speaker_0"
            },
            {
                "start": 27.91,
                "end": 29.01,
                "speaker": "speaker_1"
            },
            {
                "start": 29.27,
                "end": 31.03,
                "speaker": "speaker_1"
            },
            {
                "start": 31.57,
                "end": 31.91,
                "speaker": "speaker_1"
            },
            {
                "start": 32.39,
                "end": 33.01,
                "speaker": "speaker_1"
            },
            {
                "start": 33.29,
                "end": 34.769999999999996,
                "speaker": "speaker_1"
            },
            {
                "start": 35.73,
                "end": 37.47,
                "speaker": "speaker_1"
            },
            {
                "start": 37.75,
                "end": 38.57,
                "speaker": "speaker_1"
            },
            {
                "start": 39.59,
                "end": 40.57,
                "speaker": "speaker_0"
            },
            {
                "start": 40.91,
                "end": 45.25,
                "speaker": "speaker_0"
            },
            {
                "start": 45.81,
                "end": 46.45,
                "speaker": "speaker_0"
            },
            {
                "start": 47.47,
                "end": 47.91,
                "speaker": "speaker_1"
            },
            {
                "start": 48.13,
                "end": 48.49,
                "speaker": "speaker_1"
            },
            {
                "start": 53.11,
                "end": 56.35,
                "speaker": "speaker_0"
            },
            {
                "start": 56.71,
                "end": 59.17,
                "speaker": "speaker_0"
            },
            {
                "start": 60.11,
                "end": 62.61,
                "speaker": "speaker_0"
            },
            {
                "start": 63.31,
                "end": 67.29,
                "speaker": "speaker_0"
            },
            {
                "start": 69.29,
                "end": 71.43,
                "speaker": "speaker_1"
            },
            {
                "start": 71.71,
                "end": 74.08999999999999,
                "speaker": "speaker_1"
            },
            {
                "start": 74.29,
                "end": 78.51,
                "speaker": "speaker_1"
            },
            {
                "start": 78.71,
                "end": 78.97,
                "speaker": "speaker_1"
            },
            {
                "start": 81.11,
                "end": 81.73,
                "speaker": "speaker_0"
            },
            {
                "start": 83.5,
                "end": 88.29,
                "speaker": "speaker_0"
            },
            {
                "start": 89.2,
                "end": 92.13000000000001,
                "speaker": "speaker_0"
            },
            {
                "start": 92.35,
                "end": 92.64999999999999,
                "speaker": "speaker_1"
            },
            {
                "start": 93.35,
                "end": 93.63,
                "speaker": "speaker_1"
            },
            {
                "start": 94.01,
                "end": 95.45,
                "speaker": "speaker_1"
            },
            {
                "start": 97.73,
                "end": 99.67,
                "speaker": "speaker_1"
            },
            {
                "start": 100.89,
                "end": 101.21,
                "speaker": "speaker_1"
            },
            {
                "start": 101.45,
                "end": 105.37,
                "speaker": "speaker_1"
            },
            {
                "start": 106.21,
                "end": 106.61,
                "speaker": "speaker_1"
            },
            {
                "start": 107.65,
                "end": 108.93,
                "speaker": "speaker_1"
            },
            {
                "start": 109.47,
                "end": 110.19,
                "speaker": "speaker_1"
            },
            {
                "start": 110.63,
                "end": 113.25,
                "speaker": "speaker_1"
            },
            {
                "start": 113.57,
                "end": 115.86999999999999,
                "speaker": "speaker_1"
            },
            {
                "start": 116.27,
                "end": 116.61,
                "speaker": "speaker_1"
            },
            {
                "start": 117.23,
                "end": 117.95,
                "speaker": "speaker_1"
            },
            {
                "start": 119.19,
                "end": 119.53,
                "speaker": "speaker_1"
            },
            {
                "start": 120.13,
                "end": 120.53,
                "speaker": "speaker_1"
            },
            {
                "start": 121.13,
                "end": 121.83,
                "speaker": "speaker_1"
            },
            {
                "start": 122.11,
                "end": 127.41,
                "speaker": "speaker_0"
            },
            {
                "start": 127.81,
                "end": 129.37,
                "speaker": "speaker_1"
            },
            {
                "start": 129.71,
                "end": 131.13,
                "speaker": "speaker_1"
            },
            {
                "start": 132.59,
                "end": 132.95000000000002,
                "speaker": "speaker_0"
            },
            {
                "start": 133.31,
                "end": 139.37,
                "speaker": "speaker_0"
            },
            {
                "start": 140.41,
                "end": 142.31,
                "speaker": "speaker_1"
            },
            {
                "start": 142.51,
                "end": 145.87,
                "speaker": "speaker_1"
            },
            {
                "start": 146.89,
                "end": 147.23,
                "speaker": "speaker_1"
            },
            {
                "start": 147.55,
                "end": 149.27,
                "speaker": "speaker_1"
            },
            {
                "start": 150.43,
                "end": 150.65,
                "speaker": "speaker_0"
            },
            {
                "start": 151.38,
                "end": 152.57,
                "speaker": "speaker_0"
            },
            {
                "start": 152.91,
                "end": 153.54999999999998,
                "speaker": "speaker_0"
            },
            {
                "start": 154.33,
                "end": 156.67000000000002,
                "speaker": "speaker_0"
            },
            {
                "start": 157.37,
                "end": 159.61,
                "speaker": "speaker_0"
            },
            {
                "start": 159.81,
                "end": 160.29,
                "speaker": "speaker_0"
            },
            {
                "start": 160.67,
                "end": 163.26999999999998,
                "speaker": "speaker_0"
            },
            {
                "start": 163.57,
                "end": 164.19,
                "speaker": "speaker_0"
            },
            {
                "start": 164.41,
                "end": 166.01,
                "speaker": "speaker_0"
            },
            {
                "start": 166.65,
                "end": 170.89000000000001,
                "speaker": "speaker_0"
            },
            {
                "start": 171.69,
                "end": 174.69,
                "speaker": "speaker_0"
            },
            {
                "start": 174.95,
                "end": 177.01,
                "speaker": "speaker_0"
            },
            {
                "start": 178.23,
                "end": 181.75,
                "speaker": "speaker_0"
            },
            {
                "start": 182.57,
                "end": 186.63,
                "speaker": "speaker_0"
            },
            {
                "start": 188.51,
                "end": 188.75,
                "speaker": "speaker_0"
            },
            {
                "start": 189.13,
                "end": 193.53,
                "speaker": "speaker_0"
            },
            {
                "start": 194.16,
                "end": 197.65,
                "speaker": "speaker_0"
            },
            {
                "start": 198.17,
                "end": 200.92,
                "speaker": "speaker_1"
            },
            {
                "start": 200.92,
                "end": 201.76999999999998,
                "speaker": "speaker_0"
            },
            {
                "start": 202.23,
                "end": 202.63,
                "speaker": "speaker_0"
            },
            {
                "start": 202.83,
                "end": 205.05,
                "speaker": "speaker_0"
            },
            {
                "start": 206,
                "end": 206.33,
                "speaker": "speaker_1"
            },
            {
                "start": 206.93,
                "end": 211.68,
                "speaker": "speaker_0"
            },
            {
                "start": 211.68,
                "end": 213.75,
                "speaker": "speaker_1"
            },
            {
                "start": 215.35,
                "end": 217.04999999999998,
                "speaker": "speaker_0"
            },
            {
                "start": 218.33,
                "end": 224.71,
                "speaker": "speaker_0"
            },
            {
                "start": 225.03,
                "end": 225.87,
                "speaker": "speaker_0"
            },
            {
                "start": 226.36,
                "end": 226.91000000000003,
                "speaker": "speaker_0"
            },
            {
                "start": 227.19,
                "end": 228.60999999999999,
                "speaker": "speaker_0"
            },
            {
                "start": 230.41,
                "end": 230.97,
                "speaker": "speaker_1"
            },
            {
                "start": 231.86,
                "end": 232.59,
                "speaker": "speaker_1"
            },
            {
                "start": 232.81,
                "end": 233.11,
                "speaker": "speaker_1"
            },
            {
                "start": 233.75,
                "end": 234.27,
                "speaker": "speaker_1"
            },
            {
                "start": 234.57,
                "end": 235.10999999999999,
                "speaker": "speaker_1"
            },
            {
                "start": 235.31,
                "end": 241.93,
                "speaker": "speaker_1"
            },
            {
                "start": 242.51,
                "end": 243.23,
                "speaker": "speaker_0"
            },
            {
                "start": 243.55,
                "end": 246.97,
                "speaker": "speaker_0"
            },
            {
                "start": 247.53,
                "end": 251.37,
                "speaker": "speaker_0"
            },
            {
                "start": 251.83,
                "end": 253.39000000000001,
                "speaker": "speaker_0"
            },
            {
                "start": 253.93,
                "end": 254.79000000000002,
                "speaker": "speaker_0"
            },
            {
                "start": 255.31,
                "end": 259.89,
                "speaker": "speaker_0"
            },
            {
                "start": 260.35,
                "end": 264.55,
                "speaker": "speaker_0"
            },
            {
                "start": 265.95,
                "end": 266.89,
                "speaker": "speaker_1"
            },
            {
                "start": 267.75,
                "end": 269.59,
                "speaker": "speaker_1"
            },
            {
                "start": 269.87,
                "end": 273.33,
                "speaker": "speaker_1"
            },
            {
                "start": 273.67,
                "end": 275.65000000000003,
                "speaker": "speaker_1"
            },
            {
                "start": 276.71,
                "end": 278.51,
                "speaker": "speaker_0"
            },
            {
                "start": 279.01,
                "end": 279.73,
                "speaker": "speaker_0"
            },
            {
                "start": 279.93,
                "end": 283.45,
                "speaker": "speaker_0"
            },
            {
                "start": 284.05,
                "end": 286.43,
                "speaker": "speaker_0"
            },
            {
                "start": 287.41,
                "end": 290.89000000000004,
                "speaker": "speaker_1"
            },
            {
                "start": 291.19,
                "end": 293.71,
                "speaker": "speaker_1"
            },
            {
                "start": 295.95,
                "end": 299.39,
                "speaker": "speaker_0"
            },
            {
                "start": 299.77,
                "end": 301.22999999999996,
                "speaker": "speaker_0"
            },
            {
                "start": 302.23,
                "end": 303.37,
                "speaker": "speaker_0"
            },
            {
                "start": 303.93,
                "end": 305.75,
                "speaker": "speaker_0"
            },
            {
                "start": 306.55,
                "end": 306.83,
                "speaker": "speaker_0"
            },
            {
                "start": 307.03,
                "end": 308.42999999999995,
                "speaker": "speaker_0"
            },
            {
                "start": 308.99,
                "end": 309.95,
                "speaker": "speaker_0"
            },
            {
                "start": 311.05,
                "end": 313.03000000000003,
                "speaker": "speaker_1"
            },
            {
                "start": 313.25,
                "end": 317.09,
                "speaker": "speaker_1"
            },
            {
                "start": 317.71,
                "end": 319.78999999999996,
                "speaker": "speaker_0"
            },
            {
                "start": 320.81,
                "end": 323.19,
                "speaker": "speaker_1"
            },
            {
                "start": 323.59,
                "end": 324.21,
                "speaker": "speaker_1"
            },
            {
                "start": 324.57,
                "end": 324.96999999999997,
                "speaker": "speaker_0"
            },
            {
                "start": 325.87,
                "end": 328.11,
                "speaker": "speaker_1"
            },
            {
                "start": 328.99,
                "end": 329.49,
                "speaker": "speaker_1"
            },
            {
                "start": 329.85,
                "end": 330.11,
                "speaker": "speaker_1"
            },
            {
                "start": 330.37,
                "end": 333.21,
                "speaker": "speaker_0"
            },
            {
                "start": 334.69,
                "end": 335.59,
                "speaker": "speaker_0"
            },
            {
                "start": 335.83,
                "end": 336.78999999999996,
                "speaker": "speaker_0"
            },
            {
                "start": 337.33,
                "end": 339.72999999999996,
                "speaker": "speaker_0"
            },
            {
                "start": 340.62,
                "end": 341.37,
                "speaker": "speaker_0"
            },
            {
                "start": 341.71,
                "end": 342.01,
                "speaker": "speaker_0"
            },
            {
                "start": 342.45,
                "end": 343.01,
                "speaker": "speaker_0"
            },
            {
                "start": 343.53,
                "end": 344.75,
                "speaker": "speaker_0"
            },
            {
                "start": 345.22,
                "end": 346.79,
                "speaker": "speaker_0"
            },
            {
                "start": 347.99,
                "end": 348.39,
                "speaker": "speaker_1"
            },
            {
                "start": 350.39,
                "end": 350.87,
                "speaker": "speaker_0"
            },
            {
                "start": 351.79,
                "end": 352.19,
                "speaker": "speaker_0"
            },
            {
                "start": 353.41,
                "end": 354.45000000000005,
                "speaker": "speaker_0"
            },
            {
                "start": 355.03,
                "end": 357.03,
                "speaker": "speaker_0"
            },
            {
                "start": 358.93,
                "end": 359.15000000000003,
                "speaker": "speaker_0"
            }
        ],
        "vad_segments": [
            {
                "start": 1.69,
                "end": 4.15,
                "type": "speech"
            },
            {
                "start": 4.87,
                "end": 6.35,
                "type": "speech"
            },
            {
                "start": 7.51,
                "end": 8.91,
                "type": "speech"
            },
            {
                "start": 9.43,
                "end": 10.43,
                "type": "speech"
            },
            {
                "start": 10.87,
                "end": 11.19,
                "type": "speech"
            },
            {
                "start": 12.91,
                "end": 14.11,
                "type": "speech"
            },
            {
                "start": 14.51,
                "end": 16.15,
                "type": "speech"
            },
            {
                "start": 16.41,
                "end": 18.77,
                "type": "speech"
            },
            {
                "start": 19.13,
                "end": 19.77,
                "type": "speech"
            },
            {
                "start": 20.79,
                "end": 27.369999999999997,
                "type": "speech"
            },
            {
                "start": 27.91,
                "end": 29.01,
                "type": "speech"
            },
            {
                "start": 29.27,
                "end": 31.03,
                "type": "speech"
            },
            {
                "start": 31.57,
                "end": 31.91,
                "type": "speech"
            },
            {
                "start": 32.39,
                "end": 33.01,
                "type": "speech"
            },
            {
                "start": 33.29,
                "end": 34.769999999999996,
                "type": "speech"
            },
            {
                "start": 35.73,
                "end": 37.47,
                "type": "speech"
            },
            {
                "start": 37.75,
                "end": 38.57,
                "type": "speech"
            },
            {
                "start": 39.59,
                "end": 40.57,
                "type": "speech"
            },
            {
                "start": 40.91,
                "end": 45.25,
                "type": "speech"
            },
            {
                "start": 45.81,
                "end": 46.45,
                "type": "speech"
            },
            {
                "start": 47.47,
                "end": 47.91,
                "type": "speech"
            },
            {
                "start": 48.13,
                "end": 48.49,
                "type": "speech"
            },
            {
                "start": 53.11,
                "end": 56.35,
                "type": "speech"
            },
            {
                "start": 56.71,
                "end": 59.17,
                "type": "speech"
            },
            {
                "start": 60.11,
                "end": 62.61,
                "type": "speech"
            },
            {
                "start": 63.31,
                "end": 67.29,
                "type": "speech"
            },
            {
                "start": 69.29,
                "end": 71.43,
                "type": "speech"
            },
            {
                "start": 71.71,
                "end": 74.08999999999999,
                "type": "speech"
            },
            {
                "start": 74.29,
                "end": 78.51,
                "type": "speech"
            },
            {
                "start": 78.71,
                "end": 78.97,
                "type": "speech"
            },
            {
                "start": 81.11,
                "end": 81.73,
                "type": "speech"
            },
            {
                "start": 83.5,
                "end": 88.29,
                "type": "speech"
            },
            {
                "start": 89.2,
                "end": 92.13000000000001,
                "type": "speech"
            },
            {
                "start": 92.35,
                "end": 92.64999999999999,
                "type": "speech"
            },
            {
                "start": 93.35,
                "end": 93.63,
                "type": "speech"
            },
            {
                "start": 94.01,
                "end": 95.45,
                "type": "speech"
            },
            {
                "start": 97.73,
                "end": 99.67,
                "type": "speech"
            },
            {
                "start": 100.89,
                "end": 101.21,
                "type": "speech"
            },
            {
                "start": 101.45,
                "end": 105.37,
                "type": "speech"
            },
            {
                "start": 106.21,
                "end": 106.61,
                "type": "speech"
            },
            {
                "start": 107.65,
                "end": 108.93,
                "type": "speech"
            },
            {
                "start": 109.47,
                "end": 110.19,
                "type": "speech"
            },
            {
                "start": 110.63,
                "end": 113.25,
                "type": "speech"
            },
            {
                "start": 113.57,
                "end": 115.86999999999999,
                "type": "speech"
            },
            {
                "start": 116.27,
                "end": 116.61,
                "type": "speech"
            },
            {
                "start": 117.23,
                "end": 117.95,
                "type": "speech"
            },
            {
                "start": 119.19,
                "end": 119.53,
                "type": "speech"
            },
            {
                "start": 120.13,
                "end": 120.53,
                "type": "speech"
            },
            {
                "start": 121.13,
                "end": 121.83,
                "type": "speech"
            },
            {
                "start": 122.11,
                "end": 127.41,
                "type": "speech"
            },
            {
                "start": 127.81,
                "end": 129.37,
                "type": "speech"
            },
            {
                "start": 129.71,
                "end": 131.13,
                "type": "speech"
            },
            {
                "start": 132.59,
                "end": 132.95000000000002,
                "type": "speech"
            },
            {
                "start": 133.31,
                "end": 139.37,
                "type": "speech"
            },
            {
                "start": 140.41,
                "end": 142.31,
                "type": "speech"
            },
            {
                "start": 142.51,
                "end": 145.87,
                "type": "speech"
            },
            {
                "start": 146.89,
                "end": 147.23,
                "type": "speech"
            },
            {
                "start": 147.55,
                "end": 149.27,
                "type": "speech"
            },
            {
                "start": 150.43,
                "end": 150.65,
                "type": "speech"
            },
            {
                "start": 151.38,
                "end": 152.57,
                "type": "speech"
            },
            {
                "start": 152.91,
                "end": 153.54999999999998,
                "type": "speech"
            },
            {
                "start": 154.33,
                "end": 156.67000000000002,
                "type": "speech"
            },
            {
                "start": 157.37,
                "end": 159.61,
                "type": "speech"
            },
            {
                "start": 159.81,
                "end": 160.29,
                "type": "speech"
            },
            {
                "start": 160.67,
                "end": 163.26999999999998,
                "type": "speech"
            },
            {
                "start": 163.57,
                "end": 164.19,
                "type": "speech"
            },
            {
                "start": 164.41,
                "end": 166.01,
                "type": "speech"
            },
            {
                "start": 166.65,
                "end": 170.89000000000001,
                "type": "speech"
            },
            {
                "start": 171.69,
                "end": 174.69,
                "type": "speech"
            },
            {
                "start": 174.95,
                "end": 177.01,
                "type": "speech"
            },
            {
                "start": 178.23,
                "end": 181.75,
                "type": "speech"
            },
            {
                "start": 182.57,
                "end": 186.63,
                "type": "speech"
            },
            {
                "start": 188.51,
                "end": 188.75,
                "type": "speech"
            },
            {
                "start": 189.13,
                "end": 193.53,
                "type": "speech"
            },
            {
                "start": 194.16,
                "end": 197.65,
                "type": "speech"
            },
            {
                "start": 198.17,
                "end": 201.76999999999998,
                "type": "speech"
            },
            {
                "start": 202.23,
                "end": 202.63,
                "type": "speech"
            },
            {
                "start": 202.83,
                "end": 205.05,
                "type": "speech"
            },
            {
                "start": 206,
                "end": 206.33,
                "type": "speech"
            },
            {
                "start": 206.93,
                "end": 213.75,
                "type": "speech"
            },
            {
                "start": 215.35,
                "end": 217.04999999999998,
                "type": "speech"
            },
            {
                "start": 218.33,
                "end": 224.71,
                "type": "speech"
            },
            {
                "start": 225.03,
                "end": 225.87,
                "type": "speech"
            },
            {
                "start": 226.36,
                "end": 226.91000000000003,
                "type": "speech"
            },
            {
                "start": 227.19,
                "end": 228.60999999999999,
                "type": "speech"
            },
            {
                "start": 230.41,
                "end": 230.97,
                "type": "speech"
            },
            {
                "start": 231.86,
                "end": 232.59,
                "type": "speech"
            },
            {
                "start": 232.81,
                "end": 233.11,
                "type": "speech"
            },
            {
                "start": 233.75,
                "end": 234.27,
                "type": "speech"
            },
            {
                "start": 234.57,
                "end": 235.10999999999999,
                "type": "speech"
            },
            {
                "start": 235.31,
                "end": 241.93,
                "type": "speech"
            },
            {
                "start": 242.51,
                "end": 243.23,
                "type": "speech"
            },
            {
                "start": 243.55,
                "end": 246.97,
                "type": "speech"
            },
            {
                "start": 247.53,
                "end": 251.37,
                "type": "speech"
            },
            {
                "start": 251.83,
                "end": 253.39000000000001,
                "type": "speech"
            },
            {
                "start": 253.93,
                "end": 254.79000000000002,
                "type": "speech"
            },
            {
                "start": 255.31,
                "end": 259.89,
                "type": "speech"
            },
            {
                "start": 260.35,
                "end": 264.55,
                "type": "speech"
            },
            {
                "start": 265.95,
                "end": 266.89,
                "type": "speech"
            },
            {
                "start": 267.75,
                "end": 269.59,
                "type": "speech"
            },
            {
                "start": 269.87,
                "end": 273.33,
                "type": "speech"
            },
            {
                "start": 273.67,
                "end": 275.65000000000003,
                "type": "speech"
            },
            {
                "start": 276.71,
                "end": 278.51,
                "type": "speech"
            },
            {
                "start": 279.01,
                "end": 279.73,
                "type": "speech"
            },
            {
                "start": 279.93,
                "end": 283.45,
                "type": "speech"
            },
            {
                "start": 284.05,
                "end": 286.43,
                "type": "speech"
            },
            {
                "start": 287.41,
                "end": 290.89000000000004,
                "type": "speech"
            },
            {
                "start": 291.19,
                "end": 293.71,
                "type": "speech"
            },
            {
                "start": 295.95,
                "end": 299.39,
                "type": "speech"
            },
            {
                "start": 299.77,
                "end": 301.22999999999996,
                "type": "speech"
            },
            {
                "start": 302.23,
                "end": 303.37,
                "type": "speech"
            },
            {
                "start": 303.93,
                "end": 305.75,
                "type": "speech"
            },
            {
                "start": 306.55,
                "end": 306.83,
                "type": "speech"
            },
            {
                "start": 307.03,
                "end": 308.42999999999995,
                "type": "speech"
            },
            {
                "start": 308.99,
                "end": 309.95,
                "type": "speech"
            },
            {
                "start": 311.05,
                "end": 313.03000000000003,
                "type": "speech"
            },
            {
                "start": 313.25,
                "end": 317.09,
                "type": "speech"
            },
            {
                "start": 317.71,
                "end": 319.78999999999996,
                "type": "speech"
            },
            {
                "start": 320.81,
                "end": 323.19,
                "type": "speech"
            },
            {
                "start": 323.59,
                "end": 324.21,
                "type": "speech"
            },
            {
                "start": 324.57,
                "end": 324.96999999999997,
                "type": "speech"
            },
            {
                "start": 325.87,
                "end": 328.11,
                "type": "speech"
            },
            {
                "start": 328.99,
                "end": 329.49,
                "type": "speech"
            },
            {
                "start": 329.85,
                "end": 330.11,
                "type": "speech"
            },
            {
                "start": 330.37,
                "end": 333.21,
                "type": "speech"
            },
            {
                "start": 334.69,
                "end": 335.59,
                "type": "speech"
            },
            {
                "start": 335.83,
                "end": 336.78999999999996,
                "type": "speech"
            },
            {
                "start": 337.33,
                "end": 339.72999999999996,
                "type": "speech"
            },
            {
                "start": 340.62,
                "end": 341.37,
                "type": "speech"
            },
            {
                "start": 341.71,
                "end": 342.01,
                "type": "speech"
            },
            {
                "start": 342.45,
                "end": 343.01,
                "type": "speech"
            },
            {
                "start": 343.53,
                "end": 344.75,
                "type": "speech"
            },
            {
                "start": 345.22,
                "end": 346.79,
                "type": "speech"
            },
            {
                "start": 347.99,
                "end": 348.39,
                "type": "speech"
            },
            {
                "start": 350.39,
                "end": 350.87,
                "type": "speech"
            },
            {
                "start": 351.79,
                "end": 352.19,
                "type": "speech"
            },
            {
                "start": 353.41,
                "end": 354.45000000000005,
                "type": "speech"
            },
            {
                "start": 355.03,
                "end": 357.03,
                "type": "speech"
            },
            {
                "start": 358.93,
                "end": 359.15000000000003,
                "type": "speech"
            }
        ],
        "overlaps": [],
        "method": "nemo",
        "device": "cpu",
        "num_speakers": 2,
        "vad_enabled": true
    },
    "error_message": null,
    "events": {
        "queued_at": "2025-11-03T13:37:25.144621",
        "process_start": "2025-11-03T13:38:23.776174",
        "process_end": "2025-11-03T13:39:11.306710",
        "process_status": "completed"
    }
}